between_participant_variance,residual_variance,icc
1.5119439435343502,0.9962828006421521,0.6027939647181897
